{"cameraMode":{"drawMode":0,"name":"Shaded","section":"Shading Mode"},"sceneLighting":true,"audioPlay":false,"sceneViewState":{"m_AlwaysRefresh":false,"showFog":true,"showSkybox":true,"showFlares":true,"showImageEffects":true,"showParticleSystems":true,"showVisualEffectGraphs":true,"m_FxEnabled":true},"in2DMode":false,"pivot":{"x":-1.4371228218078614,"y":1.416799545288086,"z":-2.8607583045959474},"rotation":{"x":0.12835438549518586,"y":0.8535082340240479,"z":-0.24950823187828065,"w":0.4391341805458069},"size":2.2067372798919679,"orthographic":false}